drop table if exists test_table;
alter system set merge_delay_interval='1s' server_type=chunkserver;
alter system set merge_delay_for_lsync='1s' server_type=chunkserver;
alter system set min_drop_cache_wait_time='1s' server_type=chunkserver;
alter system set merge_thread_per_disk=10 server_type=chunkserver;
alter system set each_tablet_sync_meta=False server_type=chunkserver;
alter system set index_builder_thread_num='10' server_type=chunkserver;
alter system set index_sort_mem_limit='1G' server_type=chunkserver;
create table test_table(id int primary key, name varchar(64), age int, description varchar(64));
create index test_index_table on test_table(age) storing(name);
replace into test_table (id, name, age, description) values (1,'name1',30,'rd'),(2,'name2',27,'rd'),(3,'name3',25,'rd'),(4,'name4',24,'rd');
select * from test_table;
id	name	age	description
1	name1	30	rd
2	name2	27	rd
3	name3	25	rd
4	name4	24	rd
select * from __idx_test_index_table;
ERROR HY000: unknown internal error, errno=3003
[major_freeze] err=0
select * from test_table;
id	name	age	description
1	name1	30	rd
2	name2	27	rd
3	name3	25	rd
4	name4	24	rd
select * from __idx_test_index_table;
name	id	age
name4	4	24
name3	3	25
name2	2	27
name1	1	30
drop table test_table;
