drop table if exists t1;
create table t1(a int primary key);
insert into t1 values(1),(2),(3);
select * from t1 limit 0;
a
select * from t1 limit 1;
a
1
select * from t1 limit 3;
a
1
2
3
select * from t1 limit 4;
a
1
2
3
select * from t1 limit -1;
ERROR 42000: You have an error in your SQL syntax; check the manual that corresponds to your OceanBase version for the right syntax to use near '-1' at line 1
drop table t1;
create table t1 (a int primary key);
insert into t1 values (1),(2),(3),(4),(5),(6),(7);
select * FROM t1  ORDER BY a desc LIMIT 3;
a
7
6
5
select * FROM t1  ORDER BY a desc LIMIT 0;
a
select * FROM t1  ORDER BY a desc LIMIT 8;
a
7
6
5
4
3
2
1
select count(*) c FROM t1 WHERE a > 0 ORDER BY c LIMIT 3;
c
7
select sum(a) c FROM t1 WHERE a > 0 ORDER BY c LIMIT 3;
c
28
drop table t1;
