drop table if exists t1,t2,t3;
alter system set merge_delay_interval='1s' server_type=chunkserver;
alter system set merge_delay_for_lsync='1s' server_type=chunkserver;
alter system set min_drop_cache_wait_time='1s' server_type=chunkserver;
alter system set merge_thread_per_disk=10 server_type=chunkserver;
alter system set each_tablet_sync_meta=False server_type=chunkserver;
create table t1(pk int primary key);
insert into t1 values(NULL);
insert into t1 values(0);
insert into t1 values(1);
insert into t1 values(2);
insert into t1 values(3);
insert into t1 values(4);
insert into t1 values(5);
insert into t1 values(6);
insert into t1 values(7);
insert into t1 values(8);
insert into t1 values(9);
update t1 set pk=1 where pk=NULL;
ERROR HY000: rowkey column 'pk' can not be updated
update t1 set pk=2 where pk=1;
ERROR HY000: rowkey column 'pk' can not be updated
delete from t1 where pk=NULL;
delete from t1 where pk=0;
select * from t1;
pk
1
2
3
4
5
6
7
8
9
insert into t1 values(NULL);
[major_freeze] err=0
select * from t1;
pk
NULL
1
2
3
4
5
6
7
8
9
select * from t1;
pk
NULL
1
2
3
4
5
6
7
8
9
insert into t1 values(NULL);
ERROR 23000: Duplicate entry ' <3001.16>=null:' for key 'PRIMARY'
drop table t1;
