drop table if exists t1,t2,t3,t4;
create table t1(pk int primary key);
insert into t1 values(1),(2);
select * from t1 where null > null;
pk
select * from t1 where null < null;
pk
select * from t1 where null = null;
pk
select * from t1 where null > 1;
pk
select * from t1 where null < 1;
pk
select * from t1 where null is null;
pk
1
2
drop table t1;
