drop table if exists t1,t2,t3,t4;
create table t1(pk int primary key,extra int);
insert into t1(pk) values(1),(2);
select * from t1 where null > null;
pk	extra
select * from t1 where null < null;
pk	extra
select * from t1 where null = null;
pk	extra
select * from t1 where null > 1;
pk	extra
select * from t1 where null < 1;
pk	extra
select * from t1 where null is null;
pk	extra
1	NULL
2	NULL
drop table t1;
