drop table if exists t1,t2,t3;
create table t1(a int primary key);
insert into t1 values(NULL);
insert into t1 values(1);
insert into t1 values(0);
insert into t1 values(NULL);
ERROR 23000: Duplicate entry ' <3001.16>=null:' for key 'PRIMARY'
select * from t1;
a
NULL
0
1
drop table t1;
create table t1(a int, b int, primary key(a,b));
insert into t1 values(NULL,NULL);
insert into t1 values(NULL,1);
insert into t1 values(1,NULL);
insert into t1 values(1,1);
insert into t1 values(NULL,NULL);
ERROR 23000: Duplicate entry ' <3002.16>=null: <3002.17>=null:' for key 'PRIMARY'
insert into t1 values(NULL,1);
ERROR 23000: Duplicate entry ' <3002.16>=null: <3002.17>=int:1' for key 'PRIMARY'
insert into t1 values(1,NULL);
ERROR 23000: Duplicate entry ' <3002.16>=int:1 <3002.17>=null:' for key 'PRIMARY'
select * from t1;
a	b
NULL	NULL
NULL	1
1	NULL
1	1
drop table t1;
create table t1(a varchar(20) primary key);
insert into t1 values(NULL);
insert into t1 values('1');
insert into t1 values(NULL);
ERROR 23000: Duplicate entry ' <3003.16>=null:' for key 'PRIMARY'
select * from t1;
a
NULL
1
drop table t1;
create table t1(a varchar(20), b varchar(20), primary key(a,b));
insert into t1 values(NULL,NULL);
insert into t1 values(NULL,'1');
insert into t1 values('1',NULL);
insert into t1 values('1','1');
insert into t1 values(NULL,NULL);
ERROR 23000: Duplicate entry ' <3004.16>=null: <3004.17>=null:' for key 'PRIMARY'
insert into t1 values(NULL,'1');
ERROR 23000: Duplicate entry ' <3004.16>=null: <3004.17>=varchar:1' for key 'PRIMARY'
insert into t1 values('1',NULL);
ERROR 23000: Duplicate entry ' <3004.16>=varchar:1 <3004.17>=null:' for key 'PRIMARY'
select * from t1;
a	b
NULL	NULL
NULL	1
1	NULL
1	1
drop table t1;
create table t1(a datetime primary key);
insert into t1 values(NULL);
insert into t1 values('2010-01-01 12:00:00');
insert into t1 values(NULL);
ERROR 23000: Duplicate entry ' <3005.16>=null:' for key 'PRIMARY'
select * from t1;
a
NULL
2010-01-01 12:00:00
drop table t1;
create table t1(a datetime, b datetime, primary key(a,b));
insert into t1 values(NULL,NULL);
insert into t1 values(NULL,'2010-01-01 12:00:00');
insert into t1 values('2010-01-01 12:00:00',NULL);
insert into t1 values('2010-01-01 12:00:00','2010-01-01 12:00:00');
insert into t1 values(NULL,NULL);
ERROR 23000: Duplicate entry ' <3006.16>=null: <3006.17>=null:' for key 'PRIMARY'
insert into t1 values(NULL,'2010-01-01 12:00:00');
ERROR 23000: Duplicate entry ' <3006.16>=null: <3006.17>=precisedatetime:1262318400000000' for key 'PRIMARY'
insert into t1 values('2010-01-01 12:00:00',NULL);
ERROR 23000: Duplicate entry ' <3006.16>=precisedatetime:1262318400000000 <3006.17>=null:' for key 'PRIMARY'
select * from t1;
a	b
NULL	NULL
NULL	2010-01-01 12:00:00
2010-01-01 12:00:00	NULL
2010-01-01 12:00:00	2010-01-01 12:00:00
drop table t1;
