drop table if exists t1;
create table t1(pk int primary key);
insert into t1 values(1);
select * from t1;
pk
1
insert into t1 values(1);
ERROR 23000: Duplicate entry ' <3001.16>=int:1' for key 'PRIMARY'
select * from t1;
pk
1
drop table t1;
create table t1(pk varchar(128) primary key);
insert into t1 values('c1');
select * from t1;
pk
c1
insert into t1 values('c1');
ERROR 23000: Duplicate entry ' <3002.16>=varchar:c1' for key 'PRIMARY'
select * from t1;
pk
c1
drop table t1;
create table t1(pk datetime primary key);
insert into t1 values('2012-02-02 12:00:00');
select * from t1;
pk
2012-02-02 12:00:00
insert into t1 values('2012-02-02 12:00:00');
ERROR 23000: Duplicate entry ' <3003.16>=precisedatetime:1328155200000000' for key 'PRIMARY'
select * from t1;
pk
2012-02-02 12:00:00
drop table t1;
create table t1(pk createtime primary key, a int);
ERROR HY000: column 'pk' with createtime type as primary key not support
insert into t1(a) values(1);
ERROR 42S02: table 't1' does not exist
insert into t1(a) values(2);
ERROR 42S02: table 't1' does not exist
select * from t1;
ERROR 42S02: table 't1' does not exist
drop table t1;
ERROR 42S02: table 't1' does not exist
create table t1(pk modifytime primary key, a int);
ERROR HY000: column 'pk' with modifytime type as primary key not support
insert into t1(a) values(1);
ERROR 42S02: table 't1' does not exist
insert into t1(a) values(2);
ERROR 42S02: table 't1' does not exist
select * from t1;
ERROR 42S02: table 't1' does not exist
insert into t1(a) values(1);
ERROR 42S02: table 't1' does not exist
insert into t1(a) values(2);
ERROR 42S02: table 't1' does not exist
select * from t1;
ERROR 42S02: table 't1' does not exist
drop table t1;
ERROR 42S02: table 't1' does not exist
